hashcat_mode,name,is_slow,enabled
0,MD5,raw_hash,true,false
10,md5($pass.$salt),salted_hash,true,false
11,Joomla < 2.5.18,forums_cms_ecommerce,true,false
12,PostgreSQL,database_server,true,false
20,md5($salt.$pass),salted_hash,true,false
21,"osCommerce, xt:Commerce",forums_cms_ecommerce,true,false
22,Juniper NetScreen/SSG (ScreenOS),operating_system,true,false
23,Skype,instant_messaging,true,false
24,SolarWinds Serv-U,enterprise_application_software,true,false
30,md5(utf16le($pass).$salt),salted_hash,true,false
40,md5($salt.utf16le($pass)),salted_hash,true,false
50,HMAC-MD5 (key = $pass),raw_hash_authenticated,true,false
60,HMAC-MD5 (key = $salt),raw_hash_authenticated,true,false
70,md5(utf16le($pass)),raw_hash,true,false
100,SHA1,raw_hash,true,false
101,"nsldap, SHA-1(Base64), Netscape LDAP SHA",ftp_http_smtp_ldap_server,true,false
110,sha1($pass.$salt),salted_hash,true,false
111,"nsldaps, SSHA-1(Base64), Netscape LDAP SSHA",ftp_http_smtp_ldap_server,true,false
112,Oracle S: Type (Oracle 11+),database_server,true,false
120,sha1($salt.$pass),salted_hash,true,false
121,SMF (Simple Machines Forum) > v1.1,forums_cms_ecommerce,true,false
122,"macOS v10.4, macOS v10.5, macOS v10.6",operating_system,true,false
124,Django (SHA-1),framework,true,false
125,ArubaOS,operating_system,true,false
130,sha1(utf16le($pass).$salt),salted_hash,true,false
131,MSSQL (2000),database_server,true,false
132,MSSQL (2005),database_server,true,false
133,PeopleSoft,enterprise_application_software,true,false
140,sha1($salt.utf16le($pass)),salted_hash,true,false
141,Episerver 6.x < .NET 4,ftp_http_smtp_ldap_server,true,false
150,HMAC-SHA1 (key = $pass),raw_hash_authenticated,true,false
160,HMAC-SHA1 (key = $salt),raw_hash_authenticated,true,false
170,sha1(utf16le($pass)),raw_hash,true,false
200,MySQL323,database_server,true,false
300,MySQL4.1/MySQL5,database_server,true,false
400,phpass,generic_kdf,true,false
500,"md5crypt, MD5 (Unix), Cisco-IOS $1$ (MD5)",operating_system,true,false
501,Juniper IVE,operating_system,true,false
600,BLAKE2b-512,raw_hash,true,false
610,BLAKE2b-512($pass.$salt),salted_hash,true,false
620,BLAKE2b-512($salt.$pass),salted_hash,true,false
900,MD4,raw_hash,true,false
1000,NTLM,operating_system,true,false
1100,"Domain Cached Credentials (DCC), MS Cache",operating_system,true,false
1300,SHA2-224,raw_hash,true,false
1400,SHA2-256,raw_hash,true,false
1410,sha256($pass.$salt),salted_hash,true,false
1411,"SSHA-256(Base64), LDAP {SSHA256}",ftp_http_smtp_ldap_server,true,false
1420,sha256($salt.$pass),salted_hash,true,false
1421,hMailServer,ftp_http_smtp_ldap_server,true,false
1430,sha256(utf16le($pass).$salt),salted_hash,true,false
1440,sha256($salt.utf16le($pass)),salted_hash,true,false
1441,Episerver 6.x >= .NET 4,ftp_http_smtp_ldap_server,true,false
1450,HMAC-SHA256 (key = $pass),raw_hash_authenticated,true,false
1460,HMAC-SHA256 (key = $salt),raw_hash_authenticated,true,false
1470,sha256(utf16le($pass)),raw_hash,true,false
1500,"descrypt, DES (Unix), Traditional DES",operating_system,true,false
1600,"Apache $apr1$ MD5, md5apr1, MD5 (APR)",ftp_http_smtp_ldap_server,true,false
1700,SHA2-512,raw_hash,true,false
1710,sha512($pass.$salt),salted_hash,true,false
1711,"SSHA-512(Base64), LDAP {SSHA512}",ftp_http_smtp_ldap_server,true,false
1720,sha512($salt.$pass),salted_hash,true,false
1722,macOS v10.7,operating_system,true,false
1730,sha512(utf16le($pass).$salt),salted_hash,true,false
1731,"MSSQL (2012, 2014)",database_server,true,false
1740,sha512($salt.utf16le($pass)),salted_hash,true,false
1750,HMAC-SHA512 (key = $pass),raw_hash_authenticated,true,false
1760,HMAC-SHA512 (key = $salt),raw_hash_authenticated,true,false
1770,sha512(utf16le($pass)),raw_hash,true,false
1800,"sha512crypt $6$, SHA512 (Unix)",operating_system,true,false
2000,STDOUT,plaintext,true,false
2100,"Domain Cached Credentials 2 (DCC2), MS Cache 2",operating_system,true,false
2400,Cisco-PIX MD5,operating_system,true,false
2410,Cisco-ASA MD5,operating_system,true,false
2500,WPA-EAPOL-PBKDF2,network_protocol,true,false
2501,WPA-EAPOL-PMK,network_protocol,true,false
2600,md5(md5($pass)),salted_hash,true,false
2611,vBulletin < v3.8.5,forums_cms_ecommerce,true,false
2612,PHPS,forums_cms_ecommerce,true,false
2711,vBulletin >= v3.8.5,forums_cms_ecommerce,true,false
2811,"MyBB 1.2+, IPB2+ (Invision Power Board)",forums_cms_ecommerce,true,false
3000,LM,operating_system,true,false
3100,Oracle H: Type (Oracle 7+),database_server,true,false
3200,"bcrypt $2*$, Blowfish (Unix)",operating_system,true,false
3500,md5(md5(md5($pass))),salted_hash,true,false
3710,md5($salt.md5($pass)),salted_hash,true,false
3711,MediaWiki B type,forums_cms_ecommerce,true,false
3800,md5($salt.$pass.$salt),salted_hash,true,false
3910,md5(md5($pass).md5($salt)),salted_hash,true,false
4010,md5($salt.md5($salt.$pass)),salted_hash,true,false
4110,md5($salt.md5($pass.$salt)),salted_hash,true,false
4300,md5(strtoupper(md5($pass))),salted_hash,true,false
4400,md5(sha1($pass)),salted_hash,true,false
4410,md5(sha1($pass).$salt),salted_hash,true,false
4500,sha1(sha1($pass)),salted_hash,true,false
4510,sha1(sha1($pass).$salt),salted_hash,true,false
4520,sha1($salt.sha1($pass)),salted_hash,true,false
4521,Redmine,forums_cms_ecommerce,true,false
4522,PunBB,forums_cms_ecommerce,true,false
4700,sha1(md5($pass)),salted_hash,true,false
4710,sha1(md5($pass).$salt),salted_hash,true,false
4711,Huawei sha1(md5($pass).$salt),enterprise_application_software,true,false
4800,"iSCSI CHAP authentication, MD5(CHAP)",network_protocol,true,false
4900,sha1($salt.$pass.$salt),salted_hash,true,false
5000,sha1(sha1($salt.$pass.$salt)),salted_hash,true,false
5100,Half MD5,raw_hash,true,false
5200,Password Safe v3,password_manager,true,false
5300,IKE-PSK MD5,network_protocol,true,false
5400,IKE-PSK SHA1,network_protocol,true,false
5500,NetNTLMv1 / NetNTLMv1+ESS,network_protocol,true,false
5600,NetNTLMv2,network_protocol,true,false
5700,Cisco-IOS type 4 (SHA256),operating_system,true,false
5800,Samsung Android Password/PIN,operating_system,true,false
6000,RIPEMD-160,raw_hash,true,false
6100,Whirlpool,raw_hash,true,false
6211,TrueCrypt RIPEMD160 + XTS 512 bit (legacy),fulldisk_encryption_software,true,false
6212,TrueCrypt RIPEMD160 + XTS 1024 bit (legacy),fulldisk_encryption_software,true,false
6213,TrueCrypt RIPEMD160 + XTS 1536 bit (legacy),fulldisk_encryption_software,true,false
6221,TrueCrypt SHA512 + XTS 512 bit (legacy),fulldisk_encryption_software,true,false
6222,TrueCrypt SHA512 + XTS 1024 bit (legacy),fulldisk_encryption_software,true,false
6223,TrueCrypt SHA512 + XTS 1536 bit (legacy),fulldisk_encryption_software,true,false
6231,TrueCrypt Whirlpool + XTS 512 bit (legacy),fulldisk_encryption_software,true,false
6232,TrueCrypt Whirlpool + XTS 1024 bit (legacy),fulldisk_encryption_software,true,false
6233,TrueCrypt Whirlpool + XTS 1536 bit (legacy),fulldisk_encryption_software,true,false
6241,TrueCrypt RIPEMD160 + XTS 512 bit + boot-mode (legacy),fulldisk_encryption_software,true,false
6242,TrueCrypt RIPEMD160 + XTS 1024 bit + boot-mode (legacy),fulldisk_encryption_software,true,false
6243,TrueCrypt RIPEMD160 + XTS 1536 bit + boot-mode (legacy),fulldisk_encryption_software,true,false
6300,AIX {smd5},operating_system,true,false
6400,AIX {ssha256},operating_system,true,false
6500,AIX {ssha512},operating_system,true,false
6600,"1Password, agilekeychain",password_manager,true,false
6700,AIX {ssha1},operating_system,true,false
6800,LastPass + LastPass sniffed,password_manager,true,false
6900,GOST R 34.11-94,raw_hash,true,false
7000,FortiGate (FortiOS),operating_system,true,false
7100,macOS v10.8+ (PBKDF2-SHA512),operating_system,true,false
7200,GRUB 2,operating_system,true,false
7300,IPMI2 RAKP HMAC-SHA1,network_protocol,true,false
7400,"sha256crypt $5$, SHA256 (Unix)",operating_system,true,false
7401,MySQL $A$ (sha256crypt),database_server,true,false
7500,"Kerberos 5, etype 23, AS-REQ Pre-Auth",network_protocol,true,false
7700,SAP CODVN B (BCODE),enterprise_application_software,true,false
7701,SAP CODVN B (BCODE) from RFC_READ_TABLE,enterprise_application_software,true,false
7800,SAP CODVN F/G (PASSCODE),enterprise_application_software,true,false
7801,SAP CODVN F/G (PASSCODE) from RFC_READ_TABLE,enterprise_application_software,true,false
7900,Drupal7,forums_cms_ecommerce,true,false
8000,Sybase ASE,database_server,true,false
8100,Citrix NetScaler (SHA1),operating_system,true,false
8200,"1Password, cloudkeychain",password_manager,true,false
8300,DNSSEC (NSEC3),ftp_http_smtp_ldap_server,true,false
8400,WBB3 (Woltlab Burning Board),forums_cms_ecommerce,true,false
8500,RACF,operating_system,true,false
8600,Lotus Notes/Domino 5,enterprise_application_software,true,false
8700,Lotus Notes/Domino 6,enterprise_application_software,true,false
8800,Android FDE <= 4.3,fulldisk_encryption_software,true,false
8900,scrypt,generic_kdf,true,false
9000,Password Safe v2,password_manager,true,false
9100,Lotus Notes/Domino 8,enterprise_application_software,true,false
9200,Cisco-IOS $8$ (PBKDF2-SHA256),operating_system,true,false
9300,Cisco-IOS $9$ (scrypt),operating_system,true,false
9400,MS Office 2007,document,true,false
9500,MS Office 2010,document,true,false
9600,MS Office 2013,document,true,false
9700,"MS Office <= 2003 $0/$1, MD5 + RC4",document,true,false
9710,"MS Office <= 2003 $0/$1, MD5 + RC4, collider #1",document,true,false
9720,"MS Office <= 2003 $0/$1, MD5 + RC4, collider #2",document,true,false
9800,"MS Office <= 2003 $3/$4, SHA1 + RC4",document,true,false
9810,"MS Office <= 2003 $3, SHA1 + RC4, collider #1",document,true,false
9820,"MS Office <= 2003 $3, SHA1 + RC4, collider #2",document,true,false
9900,Radmin2,operating_system,true,false
10000,Django (PBKDF2-SHA256),framework,true,false
10100,SipHash,raw_hash,true,false
10200,CRAM-MD5,network_protocol,true,false
10300,SAP CODVN H (PWDSALTEDHASH) iSSHA-1,enterprise_application_software,true,false
10400,PDF 1.1 - 1.3 (Acrobat 2 - 4),document,true,false
10410,"PDF 1.1 - 1.3 (Acrobat 2 - 4), collider #1",document,true,false
10420,"PDF 1.1 - 1.3 (Acrobat 2 - 4), collider #2",document,true,false
10500,PDF 1.4 - 1.6 (Acrobat 5 - 8),document,true,false
10600,PDF 1.7 Level 3 (Acrobat 9),document,true,false
10700,PDF 1.7 Level 8 (Acrobat 10 - 11),document,true,false
10800,SHA2-384,raw_hash,true,false
10810,sha384($pass.$salt),salted_hash,true,false
10820,sha384($salt.$pass),salted_hash,true,false
10830,sha384(utf16le($pass).$salt),salted_hash,true,false
10840,sha384($salt.utf16le($pass)),salted_hash,true,false
10870,sha384(utf16le($pass)),raw_hash,true,false
10900,PBKDF2-HMAC-SHA256,generic_kdf,true,false
10901,RedHat 389-DS LDAP (PBKDF2-HMAC-SHA256),ftp_http_smtp_ldap_server,true,false
11000,PrestaShop,forums_cms_ecommerce,true,false
11100,PostgreSQL CRAM (MD5),database_server,true,false
11200,MySQL CRAM (SHA1),database_server,true,false
11300,Bitcoin/Litecoin wallet.dat,cryptocurrency,true,false
11400,SIP digest authentication (MD5),network_protocol,true,false
11500,CRC32,raw_checksum,true,false
11600,7-Zip,archive,true,false
11700,"GOST R 34.11-2012 (Streebog) 256-bit, big-endian",raw_hash,true,false
11750,"HMAC-Streebog-256 (key = $pass), big-endian",raw_hash_authenticated,true,false
11760,"HMAC-Streebog-256 (key = $salt), big-endian",raw_hash_authenticated,true,false
11800,"GOST R 34.11-2012 (Streebog) 512-bit, big-endian",raw_hash,true,false
11850,"HMAC-Streebog-512 (key = $pass), big-endian",raw_hash_authenticated,true,false
11860,"HMAC-Streebog-512 (key = $salt), big-endian",raw_hash_authenticated,true,false
11900,PBKDF2-HMAC-MD5,generic_kdf,true,false
12000,PBKDF2-HMAC-SHA1,generic_kdf,true,false
12001,Atlassian (PBKDF2-HMAC-SHA1),framework,true,false
12100,PBKDF2-HMAC-SHA512,generic_kdf,true,false
12200,eCryptfs,fulldisk_encryption_software,true,false
12300,Oracle T: Type (Oracle 12+),database_server,true,false
12400,"BSDi Crypt, Extended DES",operating_system,true,false
12500,RAR3-hp,archive,true,false
12600,ColdFusion 10+,ftp_http_smtp_ldap_server,true,false
12700,"Blockchain, My Wallet",cryptocurrency,true,false
12800,MS-AzureSync PBKDF2-HMAC-SHA256,operating_system,true,false
12900,Android FDE (Samsung DEK),fulldisk_encryption_software,true,false
13000,RAR5,archive,true,false
13100,"Kerberos 5, etype 23, TGS-REP",network_protocol,true,false
13200,AxCrypt 1,archive,true,false
13300,AxCrypt 1 in-memory SHA1,archive,true,false
13400,KeePass 1 (AES/Twofish) and KeePass 2 (AES),password_manager,true,false
13500,PeopleSoft PS_TOKEN,enterprise_application_software,true,false
13600,WinZip,archive,true,false
13711,VeraCrypt RIPEMD160 + XTS 512 bit (legacy),fulldisk_encryption_software,true,false
13712,VeraCrypt RIPEMD160 + XTS 1024 bit (legacy),fulldisk_encryption_software,true,false
13713,VeraCrypt RIPEMD160 + XTS 1536 bit (legacy),fulldisk_encryption_software,true,false
13721,VeraCrypt SHA512 + XTS 512 bit (legacy),fulldisk_encryption_software,true,false
13722,VeraCrypt SHA512 + XTS 1024 bit (legacy),fulldisk_encryption_software,true,false
13723,VeraCrypt SHA512 + XTS 1536 bit (legacy),fulldisk_encryption_software,true,false
13731,VeraCrypt Whirlpool + XTS 512 bit (legacy),fulldisk_encryption_software,true,false
13732,VeraCrypt Whirlpool + XTS 1024 bit (legacy),fulldisk_encryption_software,true,false
13733,VeraCrypt Whirlpool + XTS 1536 bit (legacy),fulldisk_encryption_software,true,false
13741,VeraCrypt RIPEMD160 + XTS 512 bit + boot-mode (legacy),fulldisk_encryption_software,true,false
13742,VeraCrypt RIPEMD160 + XTS 1024 bit + boot-mode (legacy),fulldisk_encryption_software,true,false
13743,VeraCrypt RIPEMD160 + XTS 1536 bit + boot-mode (legacy),fulldisk_encryption_software,true,false
13751,VeraCrypt SHA256 + XTS 512 bit (legacy),fulldisk_encryption_software,true,false
13752,VeraCrypt SHA256 + XTS 1024 bit (legacy),fulldisk_encryption_software,true,false
13753,VeraCrypt SHA256 + XTS 1536 bit (legacy),fulldisk_encryption_software,true,false
13761,VeraCrypt SHA256 + XTS 512 bit + boot-mode (legacy),fulldisk_encryption_software,true,false
13762,VeraCrypt SHA256 + XTS 1024 bit + boot-mode (legacy),fulldisk_encryption_software,true,false
13763,VeraCrypt SHA256 + XTS 1536 bit + boot-mode (legacy),fulldisk_encryption_software,true,false
13771,VeraCrypt Streebog-512 + XTS 512 bit (legacy),fulldisk_encryption_software,true,false
13772,VeraCrypt Streebog-512 + XTS 1024 bit (legacy),fulldisk_encryption_software,true,false
13773,VeraCrypt Streebog-512 + XTS 1536 bit (legacy),fulldisk_encryption_software,true,false
13781,VeraCrypt Streebog-512 + XTS 512 bit + boot-mode (legacy),fulldisk_encryption_software,true,false
13782,VeraCrypt Streebog-512 + XTS 1024 bit + boot-mode (legacy),fulldisk_encryption_software,true,false
13783,VeraCrypt Streebog-512 + XTS 1536 bit + boot-mode (legacy),fulldisk_encryption_software,true,false
13800,Windows Phone 8+ PIN/password,operating_system,true,false
13900,OpenCart,forums_cms_ecommerce,true,false
14000,"DES (PT = $salt, key = $pass)",raw_cipher,true,false
14100,"3DES (PT = $salt, key = $pass)",raw_cipher,true,false
14400,sha1(CX),salted_hash,true,false
14500,Linux Kernel Crypto API (2.4),raw_cipher,true,false
14600,LUKS v1 (legacy),fulldisk_encryption_software,true,false
14700,iTunes backup < 10.0,archive,true,false
14800,iTunes backup >= 10.0,archive,true,false
14900,"Skip32 (PT = $salt, key = $pass)",raw_cipher,true,false
15000,FileZilla Server >= 0.9.55,ftp_http_smtp_ldap_server,true,false
15100,Juniper/NetBSD sha1crypt,operating_system,true,false
15200,"Blockchain, My Wallet, V2",cryptocurrency,true,false
15300,DPAPI masterkey file v1 (context 1 and 2),operating_system,true,false
15310,DPAPI masterkey file v1 (context 3),operating_system,true,false
15400,ChaCha20,raw_cipher,true,false
15500,JKS Java Key Store Private Keys (SHA1),private_key,true,false
15600,"Ethereum Wallet, PBKDF2-HMAC-SHA256",cryptocurrency,true,false
15700,"Ethereum Wallet, SCRYPT",cryptocurrency,true,false
15900,DPAPI masterkey file v2 (context 1 and 2),operating_system,true,false
15910,DPAPI masterkey file v2 (context 3),operating_system,true,false
16000,Tripcode,forums_cms_ecommerce,true,false
16100,TACACS+,network_protocol,true,false
16200,Apple Secure Notes,document,true,false
16300,"Ethereum Pre-Sale Wallet, PBKDF2-HMAC-SHA256",cryptocurrency,true,false
16400,CRAM-MD5 Dovecot,ftp_http_smtp_ldap_server,true,false
16500,JWT (JSON Web Token),network_protocol,true,false
16600,Electrum Wallet (Salt-Type 1-3),cryptocurrency,true,false
16700,FileVault 2,fulldisk_encryption_software,true,false
16800,WPA-PMKID-PBKDF2,network_protocol,true,false
16801,WPA-PMKID-PMK,network_protocol,true,false
16900,Ansible Vault,password_manager,true,false
17010,GPG (AES-128/AES-256 (SHA-1($pass))),raw_hash,true,false
17200,PKZIP (Compressed),archive,true,false
17210,PKZIP (Uncompressed),archive,true,false
17220,PKZIP (Compressed Multi-File),archive,true,false
17225,PKZIP (Mixed Multi-File),archive,true,false
17230,PKZIP (Mixed Multi-File Checksum-Only),archive,true,false
17300,SHA3-224,raw_hash,true,false
17400,SHA3-256,raw_hash,true,false
17500,SHA3-384,raw_hash,true,false
17600,SHA3-512,raw_hash,true,false
17700,Keccak-224,raw_hash,true,false
17800,Keccak-256,raw_hash,true,false
17900,Keccak-384,raw_hash,true,false
18000,Keccak-512,raw_hash,true,false
18100,TOTP (HMAC-SHA1),otp,true,false
18200,"Kerberos 5, etype 23, AS-REP",network_protocol,true,false
18300,Apple File System (APFS),fulldisk_encryption_software,true,false
18400,"Open Document Format (ODF) 1.2 (SHA-256, AES)",document,true,false
18500,sha1(md5(md5($pass))),salted_hash,true,false
18600,"Open Document Format (ODF) 1.1 (SHA-1, Blowfish)",document,true,false
18700,Java Object hashCode(),raw_checksum,true,false
18800,"Blockchain, My Wallet, Second Password (SHA256)",cryptocurrency,true,false
18900,Android Backup,archive,true,false
19000,QNX /etc/shadow (MD5),operating_system,true,false
19100,QNX /etc/shadow (SHA256),operating_system,true,false
19200,QNX /etc/shadow (SHA512),operating_system,true,false
19300,sha1($salt1.$pass.$salt2),salted_hash,true,false
19500,Ruby on Rails Restful-Authentication,framework,true,false
19600,"Kerberos 5, etype 17, TGS-REP",network_protocol,true,false
19700,"Kerberos 5, etype 18, TGS-REP",network_protocol,true,false
19800,"Kerberos 5, etype 17, Pre-Auth",network_protocol,true,false
19900,"Kerberos 5, etype 18, Pre-Auth",network_protocol,true,false
20011,DiskCryptor SHA512 + XTS 512 bit,fulldisk_encryption_software,true,false
20012,DiskCryptor SHA512 + XTS 1024 bit,fulldisk_encryption_software,true,false
20013,DiskCryptor SHA512 + XTS 1536 bit,fulldisk_encryption_software,true,false
20200,Python passlib pbkdf2-sha512,framework,true,false
20300,Python passlib pbkdf2-sha256,framework,true,false
20400,Python passlib pbkdf2-sha1,framework,true,false
20500,PKZIP Master Key,archive,true,false
20510,PKZIP Master Key (6 byte optimization),archive,true,false
20600,Oracle Transportation Management (SHA256),enterprise_application_software,true,false
20710,sha256(sha256($pass).$salt),salted_hash,true,false
20711,AuthMe sha256,enterprise_application_software,true,false
20720,sha256($salt.sha256($pass)),salted_hash,true,false
20800,sha256(md5($pass)),salted_hash,true,false
20900,md5(sha1($pass).md5($pass).sha1($pass)),salted_hash,true,false
21000,BitShares v0.x - sha512(sha512_bin(pass)),cryptocurrency,true,false
21100,sha1(md5($pass.$salt)),salted_hash,true,false
21200,md5(sha1($salt).md5($pass)),salted_hash,true,false
21300,md5($salt.sha1($salt.$pass)),salted_hash,true,false
21400,sha256(sha256_bin($pass)),salted_hash,true,false
21420,sha256($salt.sha256_bin($pass)),salted_hash,true,false
21500,SolarWinds Orion,enterprise_application_software,true,false
21501,SolarWinds Orion v2,enterprise_application_software,true,false
21600,Web2py pbkdf2-sha512,framework,true,false
21700,Electrum Wallet (Salt-Type 4),cryptocurrency,true,false
21800,Electrum Wallet (Salt-Type 5),cryptocurrency,true,false
22000,WPA-PBKDF2-PMKID+EAPOL,network_protocol,true,false
22001,WPA-PMK-PMKID+EAPOL,network_protocol,true,false
22100,BitLocker,fulldisk_encryption_software,true,false
22200,Citrix NetScaler (SHA512),operating_system,true,false
22300,sha256($salt.$pass.$salt),salted_hash,true,false
22301,Telegram Mobile App Passcode (SHA256),instant_messaging,true,false
22400,AES Crypt (SHA256),fulldisk_encryption_software,true,false
22500,MultiBit Classic .key (MD5),cryptocurrency,true,false
22600,Telegram Desktop < v2.1.14 (PBKDF2-HMAC-SHA1),instant_messaging,true,false
22700,MultiBit HD (scrypt),cryptocurrency,true,false
22911,RSA/DSA/EC/OpenSSH Private Keys ($0$),private_key,true,false
22921,RSA/DSA/EC/OpenSSH Private Keys ($6$),private_key,true,false
22931,"RSA/DSA/EC/OpenSSH Private Keys ($1, $3$)",private_key,true,false
22941,RSA/DSA/EC/OpenSSH Private Keys ($4$),private_key,true,false
22951,RSA/DSA/EC/OpenSSH Private Keys ($5$),private_key,true,false
23001,SecureZIP AES-128,archive,true,false
23002,SecureZIP AES-192,archive,true,false
23003,SecureZIP AES-256,archive,true,false
23100,Apple Keychain,password_manager,true,false
23200,XMPP SCRAM PBKDF2-SHA1,instant_messaging,true,false
23300,Apple iWork,document,true,false
23400,Bitwarden,password_manager,true,false
23500,AxCrypt 2 AES-128,archive,true,false
23600,AxCrypt 2 AES-256,archive,true,false
23700,RAR3-p (Uncompressed),archive,true,false
23900,BestCrypt v3 Volume Encryption,fulldisk_encryption_software,true,false
24100,MongoDB ServerKey SCRAM-SHA-1,database_server,true,false
24200,MongoDB ServerKey SCRAM-SHA-256,database_server,true,false
24300,sha1($salt.sha1($pass.$salt)),salted_hash,true,false
24410,PKCS#8 Private Keys (PBKDF2-HMAC-SHA1 + 3DES/AES),private_key,true,false
24420,PKCS#8 Private Keys (PBKDF2-HMAC-SHA256 + 3DES/AES),private_key,true,false
24500,Telegram Desktop >= v2.1.14 (PBKDF2-HMAC-SHA512),instant_messaging,true,false
24600,SQLCipher,database_server,true,false
24700,Stuffit5,archive,true,false
24800,Umbraco HMAC-SHA1,forums_cms_ecommerce,true,false
24900,Dahua Authentication MD5,ftp_http_smtp_ldap_server,true,false
25000,SNMPv3 HMAC-MD5-96/HMAC-SHA1-96,network_protocol,true,false
25100,SNMPv3 HMAC-MD5-96,network_protocol,true,false
25200,SNMPv3 HMAC-SHA1-96,network_protocol,true,false
25300,MS Office 2016 - SheetProtection,document,true,false
25400,PDF 1.4 - 1.6 (Acrobat 5 - 8) - user and owner pass,document,true,false
25500,Stargazer Stellar Wallet XLM,cryptocurrency,true,false
25600,bcrypt(md5($pass)) / bcryptmd5,forums_cms_ecommerce,true,false
25700,MurmurHash,raw_checksum,true,false
25800,bcrypt(sha1($pass)) / bcryptsha1,forums_cms_ecommerce,true,false
25900,KNX IP Secure - Device Authentication Code,ftp_http_smtp_ldap_server,true,false
26000,Mozilla key3.db,password_manager,true,false
26100,Mozilla key4.db,password_manager,true,false
26200,OpenEdge Progress Encode,enterprise_application_software,true,false
26300,FortiGate256 (FortiOS256),operating_system,true,false
26401,"AES-128-ECB NOKDF (PT = $salt, key = $pass)",raw_cipher,true,false
26402,"AES-192-ECB NOKDF (PT = $salt, key = $pass)",raw_cipher,true,false
26403,"AES-256-ECB NOKDF (PT = $salt, key = $pass)",raw_cipher,true,false
26500,iPhone passcode (UID key + System Keybag),operating_system,true,false
26600,MetaMask Wallet,cryptocurrency,true,false
26700,SNMPv3 HMAC-SHA224-128,network_protocol,true,false
26800,SNMPv3 HMAC-SHA256-192,network_protocol,true,false
26900,SNMPv3 HMAC-SHA384-256,network_protocol,true,false
27000,NetNTLMv1 / NetNTLMv1+ESS (NT),network_protocol,true,false
27100,NetNTLMv2 (NT),network_protocol,true,false
27200,"Ruby on Rails Restful Auth (one round, no sitekey)",framework,true,false
27300,SNMPv3 HMAC-SHA512-384,network_protocol,true,false
27400,VMware VMX (PBKDF2-HMAC-SHA1 + AES-256-CBC),fulldisk_encryption_software,true,false
27500,VirtualBox (PBKDF2-HMAC-SHA256 & AES-128-XTS),fulldisk_encryption_software,true,false
27600,VirtualBox (PBKDF2-HMAC-SHA256 & AES-256-XTS),fulldisk_encryption_software,true,false
27700,MultiBit Classic .wallet (scrypt),cryptocurrency,true,false
27800,MurmurHash3,raw_checksum,true,false
27900,CRC32C,raw_checksum,true,false
28000,CRC64Jones,raw_checksum,true,false
28100,Windows Hello PIN/Password,operating_system,true,false
28200,Exodus Desktop Wallet (scrypt),cryptocurrency,true,false
28300,Teamspeak 3 (channel hash),instant_messaging,true,false
28400,bcrypt(sha512($pass)) / bcryptsha512,forums_cms_ecommerce,true,false
28501,"Bitcoin WIF private key (P2PKH), compressed",cryptocurrency,true,false
28502,"Bitcoin WIF private key (P2PKH), uncompressed",cryptocurrency,true,false
28503,"Bitcoin WIF private key (P2WPKH, Bech32), compressed",cryptocurrency,true,false
28504,"Bitcoin WIF private key (P2WPKH, Bech32), uncompressed",cryptocurrency,true,false
28505,"Bitcoin WIF private key (P2SH(P2WPKH)), compressed",cryptocurrency,true,false
28506,"Bitcoin WIF private key (P2SH(P2WPKH)), uncompressed",cryptocurrency,true,false
28600,PostgreSQL SCRAM-SHA-256,database_server,true,false
28700,Amazon AWS4-HMAC-SHA256,raw_hash_authenticated,true,false
28800,"Kerberos 5, etype 17, DB",network_protocol,true,false
28900,"Kerberos 5, etype 18, DB",network_protocol,true,false
29000,sha1($salt.sha1(utf16le($username).':'.utf16le($pass))),operating_system,true,false
29100,Flask Session Cookie ($salt.$salt.$pass),network_protocol,true,false
29200,Radmin3,network_protocol,true,false
29311,TrueCrypt RIPEMD160 + XTS 512 bit,fulldisk_encryption_software,true,false
29312,TrueCrypt RIPEMD160 + XTS 1024 bit,fulldisk_encryption_software,true,false
29313,TrueCrypt RIPEMD160 + XTS 1536 bit,fulldisk_encryption_software,true,false
29321,TrueCrypt SHA512 + XTS 512 bit,fulldisk_encryption_software,true,false
29322,TrueCrypt SHA512 + XTS 1024 bit,fulldisk_encryption_software,true,false
29323,TrueCrypt SHA512 + XTS 1536 bit,fulldisk_encryption_software,true,false
29331,TrueCrypt Whirlpool + XTS 512 bit,fulldisk_encryption_software,true,false
29332,TrueCrypt Whirlpool + XTS 1024 bit,fulldisk_encryption_software,true,false
29333,TrueCrypt Whirlpool + XTS 1536 bit,fulldisk_encryption_software,true,false
29341,TrueCrypt RIPEMD160 + XTS 512 bit + boot-mode,fulldisk_encryption_software,true,false
29342,TrueCrypt RIPEMD160 + XTS 1024 bit + boot-mode,fulldisk_encryption_software,true,false
29343,TrueCrypt RIPEMD160 + XTS 1536 bit + boot-mode,fulldisk_encryption_software,true,false
29411,VeraCrypt RIPEMD160 + XTS 512 bit,fulldisk_encryption_software,true,false
29412,VeraCrypt RIPEMD160 + XTS 1024 bit,fulldisk_encryption_software,true,false
29413,VeraCrypt RIPEMD160 + XTS 1536 bit,fulldisk_encryption_software,true,false
29421,VeraCrypt SHA512 + XTS 512 bit,fulldisk_encryption_software,true,false
29422,VeraCrypt SHA512 + XTS 1024 bit,fulldisk_encryption_software,true,false
29423,VeraCrypt SHA512 + XTS 1536 bit,fulldisk_encryption_software,true,false
29431,VeraCrypt Whirlpool + XTS 512 bit,fulldisk_encryption_software,true,false
29432,VeraCrypt Whirlpool + XTS 1024 bit,fulldisk_encryption_software,true,false
29433,VeraCrypt Whirlpool + XTS 1536 bit,fulldisk_encryption_software,true,false
29441,VeraCrypt RIPEMD160 + XTS 512 bit + boot-mode,fulldisk_encryption_software,true,false
29442,VeraCrypt RIPEMD160 + XTS 1024 bit + boot-mode,fulldisk_encryption_software,true,false
29443,VeraCrypt RIPEMD160 + XTS 1536 bit + boot-mode,fulldisk_encryption_software,true,false
29451,VeraCrypt SHA256 + XTS 512 bit,fulldisk_encryption_software,true,false
29452,VeraCrypt SHA256 + XTS 1024 bit,fulldisk_encryption_software,true,false
29453,VeraCrypt SHA256 + XTS 1536 bit,fulldisk_encryption_software,true,false
29461,VeraCrypt SHA256 + XTS 512 bit + boot-mode,fulldisk_encryption_software,true,false
29462,VeraCrypt SHA256 + XTS 1024 bit + boot-mode,fulldisk_encryption_software,true,false
29463,VeraCrypt SHA256 + XTS 1536 bit + boot-mode,fulldisk_encryption_software,true,false
29471,VeraCrypt Streebog-512 + XTS 512 bit,fulldisk_encryption_software,true,false
29472,VeraCrypt Streebog-512 + XTS 1024 bit,fulldisk_encryption_software,true,false
29473,VeraCrypt Streebog-512 + XTS 1536 bit,fulldisk_encryption_software,true,false
29481,VeraCrypt Streebog-512 + XTS 512 bit + boot-mode,fulldisk_encryption_software,true,false
29482,VeraCrypt Streebog-512 + XTS 1024 bit + boot-mode,fulldisk_encryption_software,true,false
29483,VeraCrypt Streebog-512 + XTS 1536 bit + boot-mode,fulldisk_encryption_software,true,false
29511,LUKS v1 SHA-1 + AES,fulldisk_encryption_software,true,false
29512,LUKS v1 SHA-1 + Serpent,fulldisk_encryption_software,true,false
29513,LUKS v1 SHA-1 + Twofish,fulldisk_encryption_software,true,false
29521,LUKS v1 SHA-256 + AES,fulldisk_encryption_software,true,false
29522,LUKS v1 SHA-256 + Serpent,fulldisk_encryption_software,true,false
29523,LUKS v1 SHA-256 + Twofish,fulldisk_encryption_software,true,false
29531,LUKS v1 SHA-512 + AES,fulldisk_encryption_software,true,false
29532,LUKS v1 SHA-512 + Serpent,fulldisk_encryption_software,true,false
29533,LUKS v1 SHA-512 + Twofish,fulldisk_encryption_software,true,false
29541,LUKS v1 RIPEMD-160 + AES,fulldisk_encryption_software,true,false
29542,LUKS v1 RIPEMD-160 + Serpent,fulldisk_encryption_software,true,false
29543,LUKS v1 RIPEMD-160 + Twofish,fulldisk_encryption_software,true,false
29600,Terra Station Wallet (AES256-CBC(PBKDF2($pass))),cryptocurrency,true,false
29700,KeePass 1 (AES/Twofish) and KeePass 2 (AES) - keyfile only mode,password_manager,true,false
30000,Python Werkzeug MD5 (HMAC-MD5 (key = $salt)),framework,true,false
30120,Python Werkzeug SHA256 (HMAC-SHA256 (key = $salt)),framework,true,false
99999,Plaintext,plaintext,true,false
